total_time,parallel_time,data_load_time,convolution_time,save_time,num_processes
23.18794083595276,0.8458924293518066,0.08169412612915039,11.282586574554443,10.977760314941406,2
23.56610870361328,0.6564288139343262,0.07634782791137695,12.30594253540039,10.527381420135498,4
24.39886736869812,0.5843284130096436,0.08111095428466797,12.127222061157227,11.60619854927063,8
