total_time,parallel_time,data_load_time,convolution_time,save_time,num_processes
7.567868709564209,1.0185179710388184,0.05795145034790039,3.7042953968048096,2.7870912551879883,2
7.163639307022095,1.7879869937896729,0.06584334373474121,2.441375494003296,2.868427276611328,4
10.5744948387146,5.187918663024902,0.0520627498626709,2.312239646911621,3.0222675800323486,8
