total_time,parallel_time,data_load_time,convolution_time,save_time,num_processes
45.55383896827698,6.727742433547974,0.04570126533508301,21.029714107513428,17.750675916671753,2
43.17049169540405,11.520771265029907,0.04999232292175293,13.55861496925354,18.041107416152954,4
62.299315214157104,33.152785778045654,0.09586954116821289,10.914536237716675,18.136117935180664,8
