total_time,parallel_time,data_load_time,convolution_time,save_time,num_processes
5.61081600189209,0.6413145065307617,0.04940629005432129,3.478921413421631,1.4905762672424316,2
4.54562520980835,0.38712620735168457,0.05652928352355957,2.5941920280456543,1.564300537109375,4
4.785024404525757,0.4046006202697754,0.07821369171142578,2.364901304244995,2.0155181884765625,8
