total_time,parallel_time,data_load_time,convolution_time,save_time,num_processes
30.21656322479248,3.339095115661621,0.04570579528808594,21.18594002723694,5.644954442977905,2
25.172717809677124,5.178401708602905,0.08780550956726074,14.58088231086731,5.324793815612793,4
36.250391244888306,3.7699739933013916,0.08114194869995117,21.12735414505005,11.270480155944824,8
