total_time,parallel_time,data_load_time,convolution_time,save_time,num_processes
22.09588623046875,1.9572033882141113,0.06754946708679199,9.896488428115845,10.17463755607605,2
21.442349433898926,1.9179959297180176,0.09133267402648926,9.121089220046997,10.31192135810852,4
21.0738844871521,1.6460070610046387,0.08030867576599121,8.454006671905518,10.893554210662842,8
