total_time,parallel_time,data_load_time,convolution_time,save_time,num_processes
4.818006992340088,0.6037092208862305,0.055410146713256836,3.4034135341644287,0.7547266483306885,2
3.6881980895996094,0.6420049667358398,0.0515444278717041,2.223538875579834,0.7704577445983887,4
5.702858209609985,3.062418222427368,0.06123948097229004,1.7978382110595703,0.780625581741333,8
