total_time,secuential_time,data_load_time,convolution_time,save_time
53.44518303871155,6.317796945571899,0.05806326866149902,39.50599670410156,7.563320159912109
