total_time,secuential_time,data_load_time,convolution_time,save_time
21.55518937110901,0.8188033103942871,0.09658980369567871,9.409911394119263,11.229875087738037
