total_time,secuential_time,data_load_time,convolution_time,save_time
259.3928897380829,1.8027620315551758,0.1019906997680664,25.148924589157104,232.33656430244446
