total_time,secuential_time,data_load_time,convolution_time,save_time
8.007438898086548,1.0209465026855469,0.054323434829711914,6.007779598236084,0.9243848323822021
