total_time,parallel_time,data_load_time,convolution_time,save_time,num_processes
17.839430570602417,0.7589938640594482,0.045615196228027344,6.566402435302734,10.514026165008545,2
21.708691835403442,0.6027610301971436,0.050504207611083984,9.654136419296265,11.451787233352661,4
26.01661205291748,0.5865581035614014,0.06124472618103027,12.709579229354858,12.720466375350952,8
