total_time,parallel_time,data_load_time,convolution_time,save_time,num_processes
29.022894239425650,1.51722514629364000,1.8923195838928220,10.218846416473300,15.337464809417700,2
26.413248300552300,0.7590689659118650,0.10482335090637200,10.567561864852900,14.980587005615200,4
30.7579381465911,0.746392726981930,0.9994101524353020,14.049333333969100,15.861022710800100,8
