total_time,parallel_time,data_load_time,convolution_time,save_time,num_processes
9.406773567199707,0.22038793563842773,0.10047793388366699,4.970231056213379,4.1156699657440186,4
