total_time,parallel_time,data_load_time,convolution_time,save_time,num_processes
8.945389986038208,0.32987070083618164,0.05580735206604004,4.538780212402344,4.076732158660889,4
