total_time,parallel_time,data_load_time,convolution_time,save_time,num_processes
8.326294183731079,0.5334444046020508,0.07833981513977051,3.659379005432129,4.055124998092651,4
