total_time,secuential_time,data_load_time,convolution_time,save_time
8.16182017326355,0.30794668197631836,0.07297348976135254,3.7423627376556396,4.038527965545654
