total_time,parallel_time,data_load_time,convolution_time,save_time,num_processes
8.927428,0.29612088,0.944209098,3.331071,5.204599,2
25.827595,9.275615,1.428053,9.175403,1.557651,4
30.757938,7.463927,9.994,14.049,15.861,8
