total_time,parallel_time,data_load_time,convolution_time,save_time,num_processes
34.462971448898315,3.4085826873779297,0.046756744384765625,21.135871410369873,9.918514251708984,2
27.79062032699585,2.860898733139038,0.06847429275512695,15.242016792297363,9.687683582305908,4
24.774248600006104,2.0103402137756348,0.05304384231567383,12.220824480056763,10.543079853057861,8
