total_time,parallel_time,data_load_time,convolution_time,save_time,num_processes
3.0600740909576416,0.09505605697631836,0.07065773010253906,1.499363660812378,1.394991159439087,2
