total_time,parallel_time,data_load_time,convolution_time,save_time,num_processes
2.558523178100586,0.14211082458496094,0.04481101036071777,1.0252671241760254,1.3911404609680176,2
