total_time,parallel_time,data_load_time,convolution_time,save_time,num_processes
3.004859685897827,0.2635016441345215,0.06946015357971191,1.2460684776306152,1.4258229732513428,2
