total_time,secuential_time,data_load_time,convolution_time,save_time
2.8504459857940674,0.10586166381835938,0.07181715965270996,1.2913246154785156,1.3814330101013184
